<?xml version="1.0" encoding="UTF-8"?>
<project-private xmlns="http://www.netbeans.org/ns/project-private/1">
    <editor-bookmarks xmlns="http://www.netbeans.org/ns/editor-bookmarks/2" lastBookmarkId="2">
        <file>
            <url>hall.c</url>
            <bookmark id="1">
                <name/>
                <line>101</line>
                <key/>
            </bookmark>
        </file>
    </editor-bookmarks>
    <open-files xmlns="http://www.netbeans.org/ns/projectui-open-files/2">
        <group>
            <file>file:/C:/Users/C95044468/Downloads/20240515_checkout_NVM_PK/CCB_Demo_code.X/falsh.c</file>
            <file>file:/C:/Users/C95044468/Downloads/20240515_checkout_NVM_PK/CCB_Demo_code.X/main.c</file>
            <file>file:/C:/Users/C95044468/Downloads/20240515_checkout_NVM_PK/CCB_Demo_code.X/spi.c</file>
            <file>file:/C:/Users/C95044468/Downloads/20240515_checkout_NVM_PK/CCB_Demo_code.X/bldc.c</file>
            <file>file:/C:/Users/C95044468/Downloads/20240515_checkout_NVM_PK/CCB_Demo_code.X/bldc_drv.c</file>
            <file>file:/C:/Users/C95044468/Downloads/20240515_checkout_NVM_PK/CCB_Demo_code.X/pwm.c</file>
            <file>file:/C:/Users/C95044468/Downloads/20240515_checkout_NVM_PK/CCB_Demo_code.X/test.c</file>
            <file>file:/C:/Users/C95044468/Downloads/20240515_checkout_NVM_PK/CCB_Demo_code.X/uart1.c</file>
            <file>file:/C:/Users/C95044468/Downloads/20240515_checkout_NVM_PK/CCB_Demo_code.X/angle_sensor.c</file>
            <file>file:/C:/Users/C95044468/Downloads/20240515_checkout_NVM_PK/CCB_Demo_code.X/communications.c</file>
            <file>file:/C:/Users/C95044468/Downloads/20240515_checkout_NVM_PK/CCB_Demo_code.X/angle_sensor.h</file>
            <file>file:/C:/Users/C95044468/Downloads/20240515_checkout_NVM_PK/CCB_Demo_code.X/system_monitor.c</file>
            <file>file:/C:/Users/C95044468/Downloads/20240515_checkout_NVM_PK/CCB_Demo_code.X/can.h</file>
            <file>file:/C:/Users/C95044468/Downloads/20240515_checkout_NVM_PK/CCB_Demo_code.X/can.c</file>
            <file>file:/C:/Users/C95044468/Downloads/20240515_checkout_NVM_PK/CCB_Demo_code.X/position.c</file>
            <file>file:/C:/Users/C95044468/Downloads/20240515_checkout_NVM_PK/CCB_Demo_code.X/i2c_temp.c</file>
            <file>file:/C:/Users/C95044468/Downloads/20240515_checkout_NVM_PK/CCB_Demo_code.X/brake_control.c</file>
            <file>file:/C:/Users/C95044468/Downloads/20240515_checkout_NVM_PK/CCB_Demo_code.X/utility.c</file>
            <file>file:/C:/Users/C95044468/Downloads/20240515_checkout_NVM_PK/CCB_Demo_code.X/adc_manager.c</file>
            <file>file:/C:/Users/C95044468/Downloads/20240515_checkout_NVM_PK/CCB_Demo_code.X/position.h</file>
            <file>file:/C:/Users/C95044468/Downloads/20240515_checkout_NVM_PK/CCB_Demo_code.X/motion_control.c</file>
            <file>file:/C:/Users/C95044468/Downloads/20240515_checkout_NVM_PK/CCB_Demo_code.X/cpu.c</file>
        </group>
    </open-files>
</project-private>
